{
  "accuracy": 0.7176244597406756,
  "macro_f1": 0.7180367907086237,
  "n_test": 6247
}