{
  "model_name": "paolopacucci/sentiment-roberta",
  "test_accuracy": 0.7618437900128041,
  "test_macro_f1": 0.7648588830838842
}