{
  "accuracy": 0.7603649751880903,
  "macro_f1": 0.7630347187953023,
  "n_test": 6247
}