{
  "accuracy": 0.7134624619817512,
  "macro_f1": 0.7142555884513729,
  "n_test": 6247
}